a0,b0
LOSS_MINOR,DT:SPM 126 smtp3 DcmowADnYv0lw15fdzjNJg--.11646S2 1600045861 please see http://mail.163.com/help/help_spam_16.htm?ip=222.171.178.8&hostid=smtp3&time=1600045861
LOSS_MINOR,DT:SPM 126 smtp3 DcmowAA3KwBlw15f0z7NJg--.4578S2 1600045925 please see http://mail.163.com/help/help_spam_16.htm?ip=222.171.178.8&hostid=smtp3&time=1600045925
LOSS_MINOR,DT:SPM 126 smtp3 DcmowAA3sAaow15fKUfNJg--.31673S2 1600045992 please see http://mail.163.com/help/help_spam_16.htm?ip=222.171.178.8&hostid=smtp3&time=1600045992
LOSS_MINOR,DT:SPM 126 smtp3 DcmowACHVwbzw15f01DNJg--.31619S2 1600046067 please see http://mail.163.com/help/help_spam_16.htm?ip=222.171.178.8&hostid=smtp3&time=1600046067
LOSS_MINOR,DT:SPM 126 smtp3 DcmowAC3y_1LxF5f6l7NJg--.10623S2 1600046156 please see http://mail.163.com/help/help_spam_16.htm?ip=222.171.178.8&hostid=smtp3&time=1600046156
LOSS_MINOR,DT:SPM 126 smtp3 DcmowACXAAefxF5f6mvNJg--.57455S2 1600046239 please see http://mail.163.com/help/help_spam_16.htm?ip=222.171.178.8&hostid=smtp3&time=1600046239
LOSS_MINOR,DT:SPM 126 smtp3 DcmowAC3awAzxV5fKX_NJg--.5084S2 1600046388 please see http://mail.163.com/help/help_spam_16.htm?ip=222.171.178.8&hostid=smtp3&time=1600046388
LOSS_MINOR,DT:SPM 126 smtp3 DcmowADnkvjMxV5f65HNJg--.55888S2 1600046540 please see http://mail.163.com/help/help_spam_16.htm?ip=222.171.178.8&hostid=smtp3&time=1600046540
LOSS_MINOR,DT:SPM 126 smtp3 DcmowACX6_gjxl5flp7NJg--.56532S2 1600046627 please see http://mail.163.com/help/help_spam_16.htm?ip=222.171.178.8&hostid=smtp3&time=1600046627
LOSS_MINOR,DT:SPM 126 smtp3 DcmowADn9_umyV5fCvfNJg--.1371S2 1600047526 please see http://mail.163.com/help/help_spam_16.htm?ip=222.171.178.8&hostid=smtp3&time=1600047526
LOSS_MINOR,DT:SPM 126 smtp3 DcmowACHtf5Byl5f3QHOJg--.13849S2 1600047681 please see http://mail.163.com/help/help_spam_16.htm?ip=222.171.178.8&hostid=smtp3&time=1600047681
LOSS_MINOR,DT:SPM 126 smtp3 DcmowABnVPnsyl5fkA_OJg--.56525S2 1600047853 please see http://mail.163.com/help/help_spam_16.htm?ip=222.171.178.8&hostid=smtp3&time=1600047853
LOSS_MINOR,DT:SPM 126 smtp3 DcmowADH1f5RzF5fAC7OJg--.51422S2 1600048210 please see http://mail.163.com/help/help_spam_16.htm?ip=222.171.178.8&hostid=smtp3&time=1600048210
LOSS_MINOR,DT:SPM 126 smtp3 DcmowACHt_+szF5feDTOJg--.25472S2 1600048300 please see http://mail.163.com/help/help_spam_16.htm?ip=222.171.178.8&hostid=smtp3&time=1600048300
LOSS_MINOR,DT:SPM 126 smtp3 DcmowACHNP5CzV5fUz_OJg--.11579S2 1600048451 please see http://mail.163.com/help/help_spam_16.htm?ip=222.171.178.8&hostid=smtp3&time=1600048451
LOSS_MINOR,DT:SPM 126 smtp3 DcmowADnzMGOzV5fYUTOJg--.31333S2 1600048526 please see http://mail.163.com/help/help_spam_16.htm?ip=222.171.178.8&hostid=smtp3&time=1600048526
LOSS_MINOR,DT:SPM 126 smtp3 DcmowAB3lMHozV5fnUrOJg--.30537S2 1600048616 please see http://mail.163.com/help/help_spam_16.htm?ip=222.171.178.8&hostid=smtp3&time=1600048616
LOSS_MINOR,DT:SPM 126 smtp3 DcmowAA3sAZDzl5fxFDOJg--.31822S2 1600048707 please see http://mail.163.com/help/help_spam_16.htm?ip=222.171.178.8&hostid=smtp3&time=1600048707
LOSS_MINOR,DT:SPM 126 smtp3 DcmowAC3Tv+Rzl5f9FfOJg--.21502S2 1600048785 please see http://mail.163.com/help/help_spam_16.htm?ip=222.171.178.8&hostid=smtp3&time=1600048785
LOSS_MINOR,DT:SPM 126 smtp3 DcmowAAXLPkmz15fWGTOJg--.55987S2 1600048934 please see http://mail.163.com/help/help_spam_16.htm?ip=222.171.178.8&hostid=smtp3&time=1600048934
LOSS_MINOR,DT:SPM 126 smtp7 DsmowAB3vyPIz15fV6MUJQ--.14900S2 1600049096 please see http://mail.163.com/help/help_spam_16.htm?ip=222.171.178.8&hostid=smtp7&time=1600049096
LOSS_MINOR,DT:SPM 126 smtp7 DsmowACXzXaR0F5f07MUJQ--.8275S2 1600049298 please see http://mail.163.com/help/help_spam_16.htm?ip=222.171.178.8&hostid=smtp7&time=1600049298
LOSS_MINOR,DT:SPM 126 smtp7 DsmowAAHcxHe0F5fUrgUJQ--.12234S2 1600049374 please see http://mail.163.com/help/help_spam_16.htm?ip=222.171.178.8&hostid=smtp7&time=1600049374
LOSS_MINOR,DT:SPM 126 smtp7 DsmowADnZhMu0V5fCr0UJQ--.7371S2 1600049454 please see http://mail.163.com/help/help_spam_16.htm?ip=222.171.178.8&hostid=smtp7&time=1600049454
LOSS_MINOR,DT:SPM 126 smtp7 DsmowADHREJ70V5fX8MUJQ--.15979S2 1600049532 please see http://mail.163.com/help/help_spam_16.htm?ip=222.171.178.8&hostid=smtp7&time=1600049532
LOSS_MINOR,DT:SPM 126 smtp7 DsmowAB3fCHW0V5fNMsUJQ--.17283S2 1600049622 please see http://mail.163.com/help/help_spam_16.htm?ip=222.171.178.8&hostid=smtp7&time=1600049622
LOSS_MINOR,DT:SPM 126 smtp7 DsmowAD3_XYo0l5f9dAUJQ--.6701S2 1600049705 please see http://mail.163.com/help/help_spam_16.htm?ip=222.171.178.8&hostid=smtp7&time=1600049705
LOSS_MINOR,DT:SPM 126 smtp7 DsmowADH5XZq0l5futQUJQ--.7309S2 1600049770 please see http://mail.163.com/help/help_spam_16.htm?ip=222.171.178.8&hostid=smtp7&time=1600049770
LOSS_MINOR,DT:SPM 126 smtp7 DsmowACHhCG60l5f2dsUJQ--.15867S2 1600049850 please see http://mail.163.com/help/help_spam_16.htm?ip=222.171.178.8&hostid=smtp7&time=1600049850
LOSS_MINOR,DT:SPM 126 smtp7 DsmowAB3n0MN015fMOEUJQ--.16074S2 1600049933 please see http://mail.163.com/help/help_spam_16.htm?ip=222.171.178.8&hostid=smtp7&time=1600049933
LOSS_MINOR,DT:SPM 126 smtp7 DsmowABnkUBd015fQuUUJQ--.8180S2 1600050013 please see http://mail.163.com/help/help_spam_16.htm?ip=222.171.178.8&hostid=smtp7&time=1600050013
LOSS_MINOR,DT:SPM 126 smtp7 DsmowAB3PHat015fD+oUJQ--.8891S2 1600050093 please see http://mail.163.com/help/help_spam_16.htm?ip=222.171.178.8&hostid=smtp7&time=1600050093
LOSS_MINOR,DT:SPM 126 smtp7 DsmowADH0yD1015fCO4UJQ--.13156S2 1600050166 please see http://mail.163.com/help/help_spam_16.htm?ip=222.171.178.8&hostid=smtp7&time=1600050166
LOSS_MINOR,DT:SPM 126 smtp7 DsmowACXz3c_1F5f4PIUJQ--.10013S2 1600050240 please see http://mail.163.com/help/help_spam_16.htm?ip=222.171.178.8&hostid=smtp7&time=1600050240
LOSS_MINOR,DT:SPM 126 smtp7 DsmowAD3aBCU1F5fm_wUJQ--.9547S2 1600050325 please see http://mail.163.com/help/help_spam_16.htm?ip=222.171.178.8&hostid=smtp7&time=1600050325
LOSS_MINOR,DT:SPM 126 smtp7 DsmowABntyPt1F5fbwcVJQ--.11936S2 1600050413 please see http://mail.163.com/help/help_spam_16.htm?ip=222.171.178.8&hostid=smtp7&time=1600050413
LOSS_MINOR,DT:SPM 126 smtp7 DsmowAAXeRAz1V5fshAVJQ--.7173S2 1600050483 please see http://mail.163.com/help/help_spam_16.htm?ip=222.171.178.8&hostid=smtp7&time=1600050483
LOSS_MINOR,DT:SPM 126 smtp7 DsmowAD3vSK_1V5fMiIVJQ--.15391S2 1600050623 please see http://mail.163.com/help/help_spam_16.htm?ip=222.171.178.8&hostid=smtp7&time=1600050623
LOSS_MINOR,DT:SPM 126 smtp7 DsmowAC323UA1l5fGS0VJQ--.64205S2 1600050689 please see http://mail.163.com/help/help_spam_16.htm?ip=222.171.178.8&hostid=smtp7&time=1600050689
LOSS_MINOR,DT:SPM 126 smtp1 C8mowAAnhR6e1l5fkb8yJg--.31694S2 1600050846 please see http://mail.163.com/help/help_spam_16.htm?ip=222.171.178.8&hostid=smtp1&time=1600050846
LOSS_MINOR,DT:SPM 126 smtp1 C8mowAA3Fkfd1l5fGsQyJg--.19835S2 1600050909 please see http://mail.163.com/help/help_spam_16.htm?ip=222.171.178.8&hostid=smtp1&time=1600050909
LOSS_MINOR,DT:SPM 126 smtp1 C8mowACHLuOE115f0s8yJg--.31922S2 1600051076 please see http://mail.163.com/help/help_spam_16.htm?ip=222.171.178.8&hostid=smtp1&time=1600051076
LOSS_MINOR,DT:SPM 126 smtp2 DMmowAAHRgAr2F5f5UseHQ--.22813S2 1600051243 please see http://mail.163.com/help/help_spam_16.htm?ip=222.171.178.8&hostid=smtp2&time=1600051243
LOSS_MINOR,DT:SPM 126 smtp1 C8mowADH5Esw115fG8oyJg--.21072S2 1600050992 please see http://mail.163.com/help/help_spam_16.htm?ip=222.171.178.8&hostid=smtp1&time=1600050992
